p_infants_s,p_infants_e,p_infants_i,p_infants_r,p_infants_v,p_children_s,p_children_e,p_children_i,p_children_r,p_children_v,p_adults_s,p_adults_e,p_adults_i,p_adults_r,p_adults_v,p_matures_s,p_matures_e,p_matures_i,p_matures_r,p_matures_v,pw_children_s,pw_children_e,pw_children_i,pw_children_r,pw_children_v,pw_adults_s,pw_adults_e,pw_adults_i,pw_adults_r,pw_adults_v,pw_matures_s,pw_matures_e,pw_matures_i,pw_matures_r,pw_matures_v,ij_infants_s,ij_infants_e,ij_infants_i,ij_infants_r,ij_infants_v,ij_children_s,ij_children_e,ij_children_i,ij_children_r,ij_children_v,ij_adults_s,ij_adults_e,ij_adults_i,ij_adults_r,ij_adults_v,ij_matures_s,ij_matures_e,ij_matures_i,ij_matures_r,ij_matures_v,ia_infants_s,ia_infants_e,ia_infants_i,ia_infants_r,ia_infants_v,ia_children_s,ia_children_e,ia_children_i,ia_children_r,ia_children_v,ia_adults_s,ia_adults_e,ia_adults_i,ia_adults_r,ia_adults_v,ia_matures_s,ia_matures_e,ia_matures_i,ia_matures_r,ia_matures_v,ib_infants_s,ib_infants_e,ib_infants_i,ib_infants_r,ib_infants_v,ib_children_s,ib_children_e,ib_children_i,ib_children_r,ib_children_v,ib_adults_s,ib_adults_e,ib_adults_i,ib_adults_r,ib_adults_v,ib_matures_s,ib_matures_e,ib_matures_i,ib_matures_r,ib_matures_v
0.0455001153514,0.0,0.00252778418619,0.0,0.00252778418619,0.107815385531,0.0,0.00598974364059,0.0,0.00598974364059,0.122032368776,0.0,0.00677957604311,0.0,0.00677957604311,0.0315973459682,0.0,0.00175540810934,0.0,0.00175540810934,0.00011311699034,0.0,6.28427724108e-06,0.0,6.28427724108e-06,0.00331809838329,0.0,0.000184338799072,0.0,0.000184338799072,0.000339350971019,0.0,1.88528317233e-05,0.0,1.88528317233e-05,0.0425131355359,0.0,0.00236184086311,0.0,0.00236184086311,0.101459656057,0.0,0.00563664755874,0.0,0.00563664755874,0.164446966845,0.0,0.00913594260248,0.0,0.00913594260248,0.116931546625,0.0,0.00649619703471,0.0,0.00649619703471,0.0126753871953,0.0,0.000704188177515,0.0,0.000704188177515,0.0372154898217,0.0,0.00206752721232,0.0,0.00206752721232,0.0455987156613,0.0,0.00253326198118,0.0,0.00253326198118,0.0162322881137,0.0,0.000901793784096,0.0,0.000901793784096,0.00126753871953,0.0,7.04188177515e-05,0.0,7.04188177515e-05,0.00372154898217,0.0,0.000206752721232,0.0,0.000206752721232,0.0455987156613,0.0,0.00253326198118,0.0,0.00253326198118,0.00162322881137,0.0,9.01793784096e-05,0.0,9.01793784096e-05
0.0304733531747,0.0141533272391,0.0034060306325,0.000828548259664,0.00169442441785,0.0704896616717,0.0350850650545,0.00822528577588,0.00197981506308,0.00401504524665,0.0635360197303,0.0538924918772,0.0111496049812,0.00246891853254,0.00454448574087,0.0203711972317,0.0105288959581,0.00244649496026,0.000584888788142,0.00117668524869,7.00635920597e-05,4.02326951971e-05,9.04906514092e-06,2.12771540004e-06,4.21247702396e-06,0.00163664350914,0.00154453054776,0.000313599343045,6.84365887921e-05,0.000123565992703,0.000207269269175,0.000123199175577,2.75188918933e-05,6.43186674821e-06,1.26374310719e-05,0.024460208358,0.016667359798,0.00368582286462,0.000840236960038,0.00158318928151,0.0464353724855,0.0501913462103,0.01015320865,0.00217466596499,0.00377835786399,0.0608869668296,0.0936115726408,0.0183209496291,0.00377535746336,0.00612400548684,0.057197907379,0.0546622269712,0.0112598064951,0.00244946873872,0.00435453111027,0.0041027533313,0.00774171863746,0.00146988811622,0.000297372012139,0.000472031453185,0.0120458627803,0.0227300236842,0.00431565563919,0.00087309720173,0.00138590494088,0.0147593347406,0.0278502282764,0.00528780772002,0.001069772593,0.00169809629366,0.00525404653185,0.00991415926651,0.00188236043837,0.000380818992244,0.000604490452939,0.000608912568866,0.000602156566925,0.000123381948585,2.67221253349e-05,4.72031453185e-05,0.00178779386853,0.00176795795207,0.000362254784096,7.84573258469e-05,0.000138590494088,0.0219051541879,0.0216621122935,0.00443856925599,0.000961307592613,0.00169809629366,0.000779782432019,0.000771130596117,0.000158004746255,3.42207485077e-05,6.04490452939e-05
0.0236395286814,0.0182209010182,0.00541279629101,0.00214665107943,0.00113580665376,0.0533322161795,0.0453072227687,0.0132715791358,0.00519248941338,0.00269136531452,0.0431440870374,0.0637119306064,0.0187285264369,0.00696071689045,0.00304625989098,0.0154059814278,0.0134219483107,0.00394989196167,0.0015415847766,0.000788755710061,5.14029570564e-05,5.09181813592e-05,1.48382425782e-05,5.70245603528e-06,2.82370779258e-06,0.001077672663,0.0018009450573,0.000529952250259,0.000195377248956,8.28287619157e-05,0.000151998475319,0.000154150221515,4.5125836071e-05,1.73109781826e-05,8.47112337775e-06,0.0185491133963,0.0194052234598,0.00593415121676,0.00228708567723,0.00106124351205,0.0310511458207,0.0559558348426,0.0169317556079,0.00626150588626,0.00253270901729,0.0375053583891,0.0993057595412,0.030618857029,0.0111838334506,0.00410504363979,0.0394642668742,0.061895595904,0.0186825587993,0.00696258962257,0.00291892949425,0.0021851221369,0.00818626110102,0.00249765217975,0.000898315987196,0.000316412145424,0.00641561392897,0.0240352197522,0.0073332157702,0.00263749493117,0.000928999863759,0.00786080625948,0.0294494350764,0.00898510868433,0.00323162161779,0.00113826798572,0.00279829969242,0.0104834469132,0.00319853028275,0.0011503967253,0.000405202068235,0.000416637437908,0.00067883061351,0.000205029345989,7.62377430802e-05,3.16412145424e-05,0.00122326569523,0.00199307629807,0.000601975105081,0.000223837339872,9.28999863759e-05,0.0149882064921,0.0244204012475,0.00737577062221,0.0027425932761,0.00113826798572,0.00053355205856,0.000869320512988,0.000262563609663,9.76311801568e-05,4.05202068235e-05
0.0196751112993,0.018820204857,0.0072430678561,0.00405594574302,0.000761353968307,0.0434390071527,0.0467885927601,0.017871660971,0.0098915358067,0.00180407612122,0.0329068075122,0.0622560624955,0.0248373859019,0.0135492958825,0.00204196907001,0.0125816714398,0.0137621791109,0.00529824070656,0.00293735216581,0.000528718763789,4.09763074196e-05,5.18975311228e-05,1.99623250077e-05,1.09565933344e-05,1.89278793719e-06,0.000804462464943,0.00174422081762,0.00070097221451,0.000381598704876,5.55217794909e-05,0.000121490594591,0.000156138193255,6.04893908068e-05,3.32600920006e-05,5.67836381157e-06,0.0154649968853,0.0189731447833,0.0077341481873,0.0043531546065,0.000711372799727,0.0237472847537,0.0531173419432,0.0220144159723,0.0121561828808,0.00169772562477,0.0273723107319,0.0916044017199,0.0392261424589,0.0217643040978,0.00275169304113,0.0307760944918,0.0593401237409,0.0243740573962,0.0134770481128,0.00195661695263,0.00141435743198,0.0074861519499,0.00320809298672,0.00176306377785,0.000212097403851,0.0041526151275,0.0219796687394,0.00941910097539,0.00517643217273,0.000622727231336,0.00508804041964,0.0269308470741,0.0115408640117,0.00634248426973,0.000763003848459,0.0018112470237,0.00958687679058,0.0041083312765,0.00225780552215,0.000271615068987,0.000323268749834,0.000648963115303,0.00026723587672,0.000147698872787,2.12097403851e-05,0.000949131153455,0.00190538402024,0.000784616193324,0.000433650334479,6.22727231336e-05,0.0116293408468,0.023345941322,0.00961360199048,0.00531335161598,0.000763003848459,0.000413982737145,0.000831071753509,0.000342226211982,0.000189145358656,2.71615068987e-05
0.0170959245597,0.0179571695,0.00855272099633,0.0064395178413,0.000510350826518,0.0370639177059,0.0445824298112,0.0211574693294,0.015781747578,0.00120930838728,0.0268564704145,0.0570180927666,0.0287111945187,0.0216369903628,0.00136877279949,0.0107716720646,0.0130539634197,0.00624810017762,0.00468001573929,0.000354410785689,3.43996900704e-05,4.89712838242e-05,2.3524634556e-05,1.75211626752e-05,1.26877369578e-06,0.00064598025342,0.00158701228957,0.000807160680484,0.000609405396217,3.7217361743e-05,0.000102338186958,0.000146758192925,7.10381790215e-05,5.31157544726e-05,3.80632108735e-06,0.0135503910163,0.0174682241463,0.00887992622563,0.00686142842661,0.000476847447332,0.0195109742557,0.0478017946009,0.0250213831201,0.0192607796804,0.00113801951769,0.0218079446252,0.080815710219,0.0439244998134,0.0343261823881,0.00184451500396,0.0256311009018,0.0537917735084,0.0278283309543,0.0213611757655,0.0013115595643,0.00102167956459,0.00654451081955,0.00358571658456,0.00278968344024,0.000142173141355,0.00299969577665,0.0192149692976,0.0105278203341,0.00819063229207,0.000417426545913,0.00367541245447,0.0235433666369,0.0128993354177,0.0100356683403,0.000511456774256,0.00130837794514,0.00838099724685,0.00459192163507,0.00357250982952,0.000182069025345,0.000268295398336,0.000587060918437,0.0003047187446,0.000234083979521,1.42173141355e-05,0.000787726995014,0.0017236364695,0.000894667528767,0.000687280776759,4.17426545913e-05,0.00965171745326,0.0211190581268,0.0109620188935,0.00842098837582,0.000511456774256,0.000343583051017,0.000751798885634,0.000390227326377,0.000299771402629,1.82069025345e-05
0.0153070423999,0.0164656829762,0.00930894252161,0.0091319174373,0.000342098388768,0.0326856766408,0.0408049313184,0.0230479601225,0.022445681078,0.00081062365204,0.0229408042659,0.0506140342782,0.0305475463268,0.0305716201472,0.000917515843934,0.00953117888552,0.0119105946081,0.00678420644338,0.00664461359619,0.000237568653652,2.99540917341e-05,4.44756521513e-05,2.549405158e-05,2.49112649159e-05,8.50484440282e-07,0.000544846809611,0.00140141498876,0.000855475030208,0.000860091609279,2.49475435816e-05,8.94121802223e-05,0.000132929337051,7.67651717168e-05,7.53984921543e-05,2.55145332085e-06,0.012252645202,0.0156125151671,0.00943059427995,0.009621422211,0.000319640402139,0.0167854631776,0.0419282770938,0.0262640861808,0.0269922874289,0.000762837293797,0.0183582603172,0.0698178592771,0.0454997345937,0.047806582482,0.00123641537963,0.022271116524,0.0474558005555,0.0293386252049,0.0299792337443,0.000879164665574,0.00079387979933,0.00560516153519,0.00370114897776,0.00388827173157,9.53015064471e-05,0.00233086572714,0.0164569988158,0.0108667348767,0.0114161354459,0.000279809380853,0.00285592058698,0.0201641309367,0.0133145944386,0.0139877539337,0.000342839727705,0.00101665420013,0.00717805267496,0.00473974606324,0.0049793782264,0.00012204451718,0.000232540786205,0.000517058495327,0.000320855683292,0.000328391239562,9.53015064471e-06,0.000682749893854,0.0015181063011,0.000942046284807,0.000964171006785,2.79809380853e-05,0.00836547320129,0.0186007756177,0.0115425326622,0.0118136184148,0.000342839727705,0.000297795166468,0.000662152748353,0.00041089252848,0.000420542673172,1.2204451718e-05
0.0140203330531,0.0147425576394,0.00958653803271,0.0119769395945,0.000229315404122,0.0295650677258,0.036461900028,0.0237345929304,0.0294899348524,0.000543377275256,0.0202669720714,0.0441204470388,0.0307835678393,0.0398055046595,0.000615029253127,0.00864743607529,0.01061872559,0.0069675422773,0.00871521121594,0.000159247028362,2.68239130705e-05,3.94871896659e-05,2.61211532275e-05,3.26831920975e-05,5.70096760248e-07,0.000476539839556,0.00121631410069,0.000858987133803,0.00111821206908,1.67228383006e-05,8.03122889283e-05,0.000117792238291,7.8469639315e-05,9.87721776504e-05,1.71029028074e-06,0.0113299742295,0.013709063107,0.00951077754831,0.0124727410117,0.000214261365726,0.0149256775313,0.0362298883377,0.0261794016857,0.0348866384983,0.0005113451219,0.0160661856558,0.0595931949656,0.0448287947056,0.0614018827215,0.000828794001231,0.0199525675087,0.0412036077899,0.0293626111353,0.0388158325705,0.000589321689885,0.000650872510881,0.00474608339753,0.00363105897617,0.00499186615653,6.388250919e-05,0.00191099008896,0.0139347079227,0.0106609475741,0.0146563368265,0.000187561834121,0.00234146303369,0.0170736644187,0.0130624511309,0.0179578487019,0.000229812338464,0.000833516953696,0.0060779045195,0.00464998777166,0.00639265755196,8.18088850955e-05,0.000207942614412,0.000448323688212,0.000320747532401,0.000424974269086,6.388250919e-06,0.000610528588274,0.00131629790857,0.000941728749071,0.0012477429953,1.87561834121e-05,0.00748057317885,0.0161280946042,0.0115386420183,0.0152881174838,0.000229812338464,0.000266294384247,0.000574129938846,0.00041075402885,0.000544228327739,8.18088850955e-06
0.0130789634088,0.0129870708067,0.00948953865267,0.0148463961459,0.000153714709636,0.0273001326798,0.0320557763821,0.0234821553707,0.0365925717053,0.000364236673977,0.0183868670949,0.0379996163445,0.0298661231941,0.0489266477983,0.000412266430266,0.00800584965031,0.00931958872942,0.00687809920621,0.0107978781274,0.00010674647357,2.4573568065e-05,3.45271695566e-05,2.57213141303e-05,4.04813457897e-05,3.82147280082e-07,0.000428921965705,0.0010437038956,0.000830635596795,0.00137230486978,1.12096535491e-05,7.37670270626e-05,0.00010284807741,7.71199339121e-05,0.000122175154241,1.14644184025e-06,0.0106587865838,0.0118927918022,0.00924796230063,0.0152936528894,0.000143623686097,0.0136161513603,0.0309944464797,0.0251716994965,0.0426078889584,0.000342764879829,0.0144837315354,0.0504624944762,0.0426622021155,0.0745548666989,0.000555557223621,0.0183060215025,0.035393632909,0.0283371343778,0.0474921177694,0.000395034135582,0.000556706901072,0.00398950450278,0.00343988047648,0.00605484994418,4.28217257736e-05,0.0016345157502,0.0117133592789,0.010099639158,0.0177773036041,0.000125726455147,0.00200270960544,0.0143519309233,0.0123747014067,0.0217818498736,0.000154047814682,0.000712927082532,0.00510901840887,0.00440516176042,0.0077539302954,5.48381346918e-05,0.000190513479115,0.000384661109579,0.000309218906682,0.000519700687078,4.28217257736e-06,0.000559355886622,0.00112938180016,0.000907880200976,0.00152586389136,1.25726455147e-05,0.00685357364628,0.0138378830496,0.0111239087104,0.0186958264028,0.000154047814682,0.00024397437608,0.00049260270007,0.000395990300426,0.000665536378147,5.48381346918e-06
0.0123908377324,0.0112989007775,0.00911949731821,0.017643409856,0.000103038039671,0.0256555374986,0.0278356546161,0.0225483064152,0.0435112191652,0.000244155116656,0.0170535293949,0.0324353369275,0.0281779235193,0.057648380599,0.000276350421488,0.00753972354617,0.00808210413136,0.00659230341095,0.0128224768053,7.15542930437e-05,2.2951615345e-05,2.98438095428e-05,2.45908698568e-05,4.80430891234e-05,2.56160953617e-07,0.000395378905868,0.000888063512695,0.000781314782748,0.00161450472549,7.51405463944e-06,6.90460677317e-05,8.88003973039e-05,7.3612763451e-05,0.000144828923118,7.68482860851e-07,0.0101694236931,0.0102207853542,0.00875204870141,0.0179982856884,9.62738250678e-05,0.0126855030083,0.0263165139438,0.0235705897183,0.0499305823602,0.000229762144231,0.0133754819015,0.0424786059645,0.0395838206112,0.0869085424706,0.000372401101903,0.0171282320533,0.0301565912168,0.0266246281174,0.0557496900366,0.00026479927022,0.000493251272805,0.00333618021546,0.00317696192014,0.00704866588392,2.87042579692e-05,0.00144820725709,0.00979517066731,0.00932769880568,0.0206951905625,8.427695374e-05,0.00177443293776,0.0120016478153,0.0114288724306,0.0253570251134,0.000103261326636,0.000631664867454,0.00427236167404,0.00406846437269,0.00902662567089,3.67590968441e-05,0.000178067551199,0.000327421520771,0.000290251964807,0.000609764892456,2.87042579692e-06,0.000522814099257,0.000961323870106,0.000852192432121,0.00179029632778,8.427695374e-06,0.00640584110809,0.0117787335385,0.010441587787,0.0219358158635,0.000103261326636,0.00022803593691,0.000419300836961,0.000371700954436,0.0007808739302,3.67590968441e-06
0.0118993223651,0.00972417163667,0.00856355668273,0.0202995645843,6.90684550172e-05,0.0244871041435,0.0239149940828,0.0211534993151,0.0500756132215,0.000163662048946,0.0161224987384,0.0274763784709,0.0260206487731,0.0657867516751,0.000185243204514,0.00720834705349,0.00693683922957,0.00617486907578,0.0147401425569,4.79642711191e-05,2.18057290394e-05,2.55423016159e-05,2.29779965952e-05,5.518780777e-05,1.71709801142e-07,0.000372076819092,0.000750301017706,0.000719508673799,0.00183985265001,5.03682083351e-06,6.57083043197e-05,7.59384355658e-05,6.86926836236e-05,0.000166202081553,5.15129403427e-07,0.00982021085467,0.00871126811221,0.00811042098426,0.0205303830441,6.45342669293e-05,0.0120342743837,0.02220089399,0.0216274948833,0.0567162737655,0.000154014152191,0.0126082834217,0.0355799836125,0.0360235630961,0.0982573940262,0.000249627893127,0.0163000523835,0.0255147123136,0.0245052227829,0.063426452977,0.000177500237214,0.000450630292303,0.0027783194133,0.00287810330901,0.00795746949852,1.92410371613e-05,0.00132307019882,0.00815726701318,0.00845023688447,0.0233634776253,5.64925245758e-05,0.00162110728852,0.00999478714076,0.0103537519138,0.0286263751518,6.92181287271e-05,0.000577083810123,0.00355795688873,0.00368574161982,0.0101904530068,2.46403564639e-05,0.000169327102622,0.000276794920659,0.00026691283975,0.000693417388283,1.92410371613e-06,0.000497151760896,0.000812681963381,0.000783667742688,0.00203590370521,5.64925245758e-06,0.00609141029561,0.00995748113187,0.00960198098775,0.0249451490797,6.92181287271e-05,0.000216842789327,0.000354467664879,0.000341812526066,0.000888000552273,2.46403564639e-06
0.0115689933788,0.00827913419398,0.00789129009346,0.0227699680929,4.62979646666e-05,0.0237049848463,0.0203320537019,0.0194732127646,0.0561749155594,0.000109705939672,0.0155068443493,0.023104445177,0.0236194641266,0.07323659499,0.000124172219216,0.00698640828466,0.00589328105536,0.00567693068496,0.0165193907531,3.21514087579e-05,2.10418118698e-05,2.16503581936e-05,2.10770295281e-05,6.18012447215e-05,1.1510050868e-07,0.000356725337146,0.000629595617507,0.000651484469248,0.00204559427595,3.37628158794e-06,6.34817371394e-05,6.43287903933e-05,6.29391159471e-05,0.000185961689459,3.45301526039e-07,0.00958555688591,0.00736242665756,0.007388958826,0.0228566162848,4.32586078455e-05,0.0116028679595,0.018610276084,0.0195252216785,0.062891346691,0.000103238761813,0.0121038970393,0.0296581205427,0.0322843876266,0.108505116279,0.00016733056173,0.0157495205469,0.0214375366178,0.0221849600466,0.0704329415294,0.000118981953611,0.000423227690185,0.00230504259681,0.00256814948188,0.00877444612998,1.28976514448e-05,0.00124261496345,0.00676770563129,0.00754019892499,0.0257621566593,3.78680673557e-05,0.00152252856717,0.00829221074986,0.00923871722386,0.0315653847888,4.63982939434e-05,0.000541991632993,0.00295187160514,0.00328881016941,0.0112366853514,1.65169229956e-05,0.000163522117621,0.000232412809875,0.000241449273231,0.000769702389158,1.28976514448e-06,0.000480108071665,0.000682374149767,0.000708905600434,0.00225987979603,3.78680673557e-06,0.00588258049308,0.00836086935277,0.00868594906577,0.0276894424181,4.63982939434e-05,0.000209408839769,0.00029763127809,0.000309203506572,0.000985692251461,1.65169229956e-06
0.011378240955,0.00696301790356,0.00715536814133,0.0250280223053,3.10344185569e-05,0.0232545440055,0.0170825747511,0.0176398571974,0.0617443588508,7.35380070048e-05,0.0151550251459,0.0192683299758,0.0211346877913,0.079950242916,8.32350331605e-05,0.0068585363552,0.00494911020116,0.00513684139922,0.018142122522,2.15517093196e-05,2.06030149133e-05,1.81530685816e-05,1.90324972768e-05,6.78198099593e-05,7.71540906431e-08,0.000347973910393,0.000524310586338,0.000581660139196,0.00223056815885,2.26318665886e-06,6.22022054435e-05,5.39167093273e-05,5.67807621341e-05,0.000203925495288,2.31462271929e-07,0.00945003733763,0.00616209665046,0.00663511643762,0.0249605697574,2.89970790667e-05,0.0113560232778,0.0154885713083,0.0173908169229,0.0684283367329,6.92029329685e-05,0.0118166914369,0.0245889454652,0.0285702725525,0.117630777693,0.000112164902442,0.0154338098271,0.0178697068333,0.0198086814364,0.0767319866993,7.97558980331e-05,0.000407852114168,0.0019048077066,0.00226354373994,0.0094989144451,8.64554449039e-06,0.00119747160144,0.00559259853171,0.00664586317696,0.0278892272404,2.53836958216e-05,0.00146721613307,0.00685239698515,0.00814292185276,0.0341716029815,3.11016712059e-05,0.000522301443181,0.00243932489149,0.00289872755591,0.0121644501793,1.10716120073e-05,0.000160195082853,0.000193646748184,0.000215436221869,0.000838233747674,8.64554449039e-07,0.000470339752433,0.000568555301311,0.000632530146707,0.0024610908546,2.53836958216e-06,0.00576289301529,0.0069662905544,0.00775014985564,0.0301548045271,3.11016712059e-05,0.000205148189891,0.000247986886742,0.00027589080867,0.00107345452169,1.10716120073e-06
0.0113153541259,0.00576516475363,0.00639370638725,0.0270606554695,2.08029875468e-05,0.0231062419617,0.0141378327962,0.0157483836172,0.0667531204491,4.92939876135e-05,0.0150396334496,0.0159014100103,0.0186746679222,0.085920015383,5.57940969675e-05,0.00681642708106,0.00409529147048,0.00458195172302,0.0196000453732,1.44465390826e-05,2.04587350399e-05,1.50118261019e-05,1.69465504751e-05,7.32167152844e-05,5.17179203434e-08,0.000345107012859,0.000432453503921,0.000512989042957,0.0023947093627,1.51705899674e-06,6.17813855174e-05,4.45807861053e-05,5.05191495052e-05,0.000220020159576,1.5515376103e-07,0.00940535417541,0.00509286687659,0.00588141974948,0.0268377391423,1.94373183957e-05,0.0112750081961,0.0127725128205,0.0153079446394,0.0733310974175,4.63881013303e-05,0.0117226534351,0.0202474330941,0.0250106697233,0.125662909434,7.51863633082e-05,0.0153300788951,0.0147450630729,0.0174730053159,0.0823223314468,5.34619635461e-05,0.000402854568866,0.00156647043013,0.00197450004441,0.0101341432266,5.79528029626e-06,0.00118279859039,0.00459922552665,0.00579721827614,0.0297542866574,1.7015195793e-05,0.00144923785409,0.00563525505258,0.00710310972841,0.0364567889203,2.0848068334e-05,0.000515901512832,0.00200604517652,0.00252857392895,0.012977933542,7.42152156928e-06,0.000159102251062,0.000159758937923,0.000189920467645,0.000899015170371,5.79528029626e-07,0.000467131150614,0.000469059211888,0.000557614779074,0.00263954776348,1.7015195793e-06,0.00572357924495,0.00574720304198,0.00683224052171,0.0323413687467,2.0848068334e-05,0.000203748693353,0.000204589656249,0.00024321495683,0.0011512921096,7.42152156928e-07
0.0113153480459,0.00472630138347,0.00563554340199,0.0288645460812,1.39448111601e-05,0.0231062276286,0.0115897314531,0.0138711681947,0.0711947024282,3.30431072486e-05,0.0150396223078,0.013035554304,0.0163140156906,0.0911649282515,3.74003082159e-05,0.00681642301105,0.00335723525575,0.00403296740425,0.0208918526058,9.68391001395e-06,2.04587211001e-05,1.23060164083e-05,1.48950536753e-05,7.79910857024e-05,3.46679356108e-08,0.000345106736125,0.000354513801636,0.000447463414278,0.00253867510329,1.01692611125e-06,6.17813448567e-05,3.6545777453e-05,4.43768757392e-05,0.000234248632609,1.04003806832e-07,0.00940534985526,0.00417546315747,0.00515123184392,0.0284917430397,1.30293658004e-05,0.0112750003722,0.0104710331639,0.013332049151,0.0776237732755,3.10952122465e-05,0.0117226443589,0.0165995343154,0.0216856352993,0.132660638602,5.03994743924e-05,0.0153300688748,0.0120881235431,0.0152435463824,0.0872263648785,3.58370154394e-05,0.000402854087411,0.00128423914095,0.00170701199161,0.0106857735955,3.88473478483e-06,0.00118279717682,0.00377058214811,0.00501186168285,0.0313738974877,1.1405750816e-05,0.00144923612209,0.00461995002814,0.00614084234562,0.0384412360978,1.3975030044e-05,0.000515900896273,0.00164461561779,0.00218602477656,0.0136843595425,4.97484876015e-06,0.000159102145503,0.000130971767616,0.000165608066953,0.00095230590148,3.88473478483e-07,0.000467130840688,0.000384538823909,0.000486232509913,0.00279601167504,1.1405750816e-06,0.00572357544753,0.00471160706904,0.00595762089147,0.0342584611856,1.3975030044e-05,0.000203748558172,0.000167724380641,0.000212080137302,0.0012195370072,4.97484876015e-07
0.0113153479436,0.00387370614339,0.00491180669832,0.0304454755363,9.34740217704e-06,0.0231062273875,0.00949867433561,0.0120829737023,0.075084848129,2.21492574611e-05,0.0150396221203,0.0106837068144,0.014118104125,0.095725017852,2.50699502794e-05,0.00681642294258,0.00275154523535,0.00351112689729,0.0220225758512,6.49126047727e-06,2.04587208656e-05,1.00856009227e-05,1.29531503156e-05,8.21648343151e-05,2.32384026633e-08,0.000345106731469,0.000290553099198,0.000386761577246,0.00266367291371,6.81659811455e-07,6.17813441727e-05,2.9952012522e-05,3.85730577699e-05,0.000246680504793,6.97152079898e-08,0.00940534978258,0.00342244636366,0.00446715757182,0.0299331297778,8.73376633427e-06,0.0112750002406,0.00858218370373,0.0115092031682,0.0813457205061,2.08435561666e-05,0.0117226442062,0.0136055042563,0.0186532414627,0.138703678651,3.37834733829e-05,0.0153300687062,0.00990755236469,0.013177400277,0.0914848972931,2.4022053242e-05,0.000402854079312,0.00105259879069,0.00146481812531,0.0111608885629,2.60399212065e-06,0.00118279715304,0.00309047597345,0.0043007699247,0.0327688557607,7.64543447621e-06,0.00144923609295,0.00378664195598,0.00526956882364,0.0401504250928,9.36765831803e-06,0.000515900885901,0.00134797356289,0.00187586773311,0.0142927987892,3.33471078218e-06,0.000159102143727,0.000107345885157,0.000143105763585,0.000998562163349,2.60399212065e-07,0.000467130835474,0.000315172202232,0.000420164765467,0.00293182207801,7.64543447621e-07,0.00572357538365,0.00386168439614,0.00514811809901,0.0359224940866,9.36765831803e-06,0.000203748555898,0.000137468726505,0.000183263355151,0.00127877345956,3.33471078218e-07
0.0113153478414,0.00317429613631,0.00424265622755,0.0318171178225,6.26569604772e-06,0.0231062271463,0.007783429381,0.0104320818298,0.0784582874937,1.48469609315e-05,0.0150396219329,0.00875451854216,0.0121244878464,0.099656087798,1.68047426875e-05,0.00681642287411,0.00225470093032,0.00303006082075,0.0230026263779,4.35118382057e-06,2.04587206311e-05,8.26428737635e-06,1.1168214889e-05,8.57787448949e-05,1.55770303839e-08,0.000345106726814,0.000238087031926,0.000331815860777,0.0027713094357,4.56926224595e-07,6.17813434887e-05,2.45433210359e-05,3.32449850492e-05,0.0002574402538,4.67310911517e-08,0.00940534970991,0.00280465381007,0.00384291575575,0.0311780436192,5.85436725262e-06,0.011275000109,0.00703268285912,0.00986416965393,0.0845471268219,1.39717308638e-05,0.0117226440536,0.011149269696,0.0159397485181,0.143884544241,2.26455406159e-05,0.0153300685377,0.00811874614194,0.0113066213005,0.0951524023917,1.61023224641e-05,0.000402854071213,0.000862567708222,0.00124926295507,0.011567333323,1.74549279357e-06,0.00118279712926,0.00253253642444,0.00366789054038,0.0339621953093,5.12484299631e-06,0.00144923606382,0.00310301997564,0.0044941259306,0.0416125783796,6.27927402587e-06,0.000515900875529,0.00110461695108,0.0015998245974,0.014813297954,2.23530386009e-06,0.000159102141951,8.79646485386e-05,0.000122750320137,0.00103838469512,1.74549279357e-07,0.00046713083026,0.000258268045932,0.000360400295414,0.00304874276873,5.12484299631e-07,0.00572357531977,0.00316445954287,0.00441584691577,0.0373550785712,6.27927402587e-06,0.000203748553624,0.000112648828545,0.000157195873531,0.0013297707821,2.23530386009e-07
0.0113153477391,0.00260075365116,0.00363785242248,0.0329975297343,4.20017678501e-06,0.0231062269052,0.00637693989225,0.00894155696054,0.0813601964707,9.95258310612e-06,0.0150396217455,0.00717258148259,0.0103466997997,0.103021352862,1.12649719324e-05,0.00681642280565,0.00184728451077,0.00259618847694,0.0238453496,2.91679346258e-06,2.04587203966e-05,6.77084981075e-06,9.56184857329e-06,8.88836840597e-05,1.04419813696e-08,0.000345106722158,0.000195064797761,0.000282928352496,0.0028633698109,3.06298120175e-07,6.17813428047e-05,2.0108242431e-05,2.84543010619e-05,0.000266681422223,3.13259441088e-08,0.00940534963723,0.00229799398898,0.00328410658297,0.0322454426083,3.92444466475e-06,0.0112749999774,0.00576202073455,0.00840382878266,0.087282735803,9.36587717847e-06,0.0117226439009,0.0091349714098,0.0135464477655,0.148299608653,1.51803204711e-05,0.0153300683691,0.00665184654896,0.00964172045906,0.098289511209,1.07941081858e-05,0.000402854063113,0.000706728786892,0.00105993703138,0.0119130735869,1.17008202347e-06,0.00118279710548,0.00207498655229,0.00311202136828,0.0349773038084,3.4354118706e-06,0.00144923603468,0.00254240162503,0.00381304070386,0.0428563519814,4.20927871211e-06,0.000515900865157,0.000905047326,0.00135737102234,0.0152560580441,1.49842432654e-06,0.000159102140175,7.20711716859e-05,0.000104647814828,0.00107243822014,1.17008202347e-07,0.000467130825046,0.000211604104474,0.000307250550029,0.0031487254039,3.4354118706e-07,0.00572357525589,0.00259270412371,0.00376462342285,0.0385801275425,4.20927871211e-06,0.00020374855135,9.22954072705e-05,0.000134013537779,0.00137338022936,1.49842432654e-07
0.0113153476368,0.00213056606704,0.00310036467252,0.0340065896616,2.8156858084e-06,0.0231062266641,0.00522395677668,0.00761802655644,0.0838399908699,6.67194464501e-06,0.015039621558,0.00587576320517,0.00878300174408,0.10588558262,7.55173489725e-06,0.00681642273718,0.0015132960914,0.00221123657366,0.0245652514446,1.95534006757e-06,2.04587201621e-05,5.54660855888e-06,8.13894462632e-06,9.15342714503e-05,7.00002410825e-09,0.000345106717503,0.000159796640488,0.000240002908805,0.0029416643806,2.05334040509e-07,6.17813421207e-05,1.64725530208e-05,2.42136888427e-05,0.000274568050409,2.10000723248e-08,0.00940534956455,0.00188260526357,0.00279111947034,0.0331551121213,2.63084239402e-06,0.0112749998458,0.00472032872489,0.00712383615659,0.0896075078148,6.27863273487e-06,0.0117226437482,0.00748359595595,0.0114593362626,0.152043099603,1.01764794925e-05,0.0153300682005,0.00544928122689,0.00817958494571,0.100957770241,7.23608047679e-06,0.000402854055014,0.000578968520292,0.000895379473711,0.0122057771097,7.84391590352e-07,0.0011827970817,0.00169987683548,0.00262887319946,0.0358366941218,2.30300793161e-06,0.00144923600554,0.00208279404226,0.00322105773984,0.0439093300485,2.82178749608e-06,0.000515900854785,0.000741435641008,0.00114663618274,0.0156308984999,1.00450345953e-06,0.0001591021384,5.9041679842e-05,8.87587388561e-05,0.00110139535877,7.84391590352e-08,0.000467130819833,0.000173348947954,0.00026059952975,0.0032337448263,2.30300793161e-07,0.005723575192,0.00212397832887,0.00319302632196,0.0396218379933,2.82178749608e-06,0.000203748549076,7.56096475121e-05,0.000113665752338,0.00141046316892,1.00450345953e-07
0.0113153475345,0.00174519578363,0.00262888580177,0.0348643671944,1.88740949221e-06,0.023106226423,0.00427899459777,0.00645779429996,0.0859473851556,4.47233552014e-06,0.0150396213706,0.00481290964998,0.00742242300764,0.108311504758,5.06207620366e-06,0.00681642266871,0.00123956247928,0.00187399183742,0.0251768744986,1.31070284654e-06,2.04587199276e-05,4.54325690547e-06,6.89398686495e-06,9.37848888701e-05,4.69225362722e-09,0.000345106712848,0.000130891373651,0.000202704942955,0.00300793531254,1.37639439732e-07,6.17813414367e-05,1.34928194334e-05,2.05054017684e-05,0.000281262995066,1.40767608817e-08,0.00940534949188,0.00154212775903,0.00236114731759,0.0339264291883,1.76350532156e-06,0.0112749997141,0.00386654198725,0.00601319946462,0.091574001318,4.20869082286e-06,0.0117226435955,0.00613007079893,0.00965571887302,0.155203597288,6.82149405095e-06,0.015330068032,0.00446364203393,0.00690893489158,0.10321644525,4.85048684676e-06,0.000402854046915,0.000474252157283,0.000753554508449,0.0124525770446,5.25793087006e-07,0.00118279705792,0.001392425025,0.00221246891375,0.0365613094982,1.54375144336e-06,0.00144923597641,0.00170608510325,0.00271085350189,0.0447971735426,1.89149957328e-06,0.000515900844413,0.000607334319416,0.000965013036849,0.0159469541428,6.73338395506e-07,0.000159102136624,4.83625223262e-05,7.4956592189e-05,0.00112590252458,5.25793087006e-08,0.000467130814619,0.000141994475565,0.000220075824959,0.00330569893435,1.54375144336e-07,0.00572357512812,0.0017398039762,0.00269650487319,0.0405034641466,1.89149957328e-06,0.000203748546802,6.1933760619e-05,9.59905193972e-05,0.00144184740753,6.73338395506e-08
0.0113153474322,0.00142940535142,0.00221952824762,0.0355901375349,1.26515760831e-06,0.0231062261819,0.00350467113402,0.0054509601964,0.087730017429,2.9978705382e-06,0.0150396211832,0.00394197867652,0.00624878944512,0.110357738375,3.39318216282e-06,0.00681642260024,0.00101525672808,0.00158148143512,0.0256941228405,8.78582885895e-07,2.04587196931e-05,3.72109601784e-06,5.81528482489e-06,9.56872990011e-05,3.14528479437e-09,0.000345106708192,0.000107205619702,0.000170567783905,0.00306380360795,9.22616873016e-08,6.17813407527e-05,1.10511618436e-05,1.72937159437e-05,0.000286920980071,9.43585438312e-09,0.0094053494192,0.00126311056074,0.0019895358109,0.0345776393684,1.18210286855e-06,0.0112749995825,0.00316690524494,0.00505731754297,0.0932309076586,2.82114572251e-06,0.0117226434428,0.00502090090171,0.0081085545863,0.157862180574,4.57254513884e-06,0.0153300678634,0.00365595980333,0.00581395704121,0.105120704636,3.25135078716e-06,0.000402854038816,0.000388440785053,0.000632162952804,0.012659953327,3.52446635014e-07,0.00118279703414,0.00114047909226,0.00185605801017,0.0371701753111,1.03479869735e-06,0.00144923594727,0.00139738539234,0.00227415685947,0.0455431935254,1.26789924822e-06,0.000515900834041,0.000497443008325,0.000809557217201,0.016212523274,4.51348367993e-07,0.000159102134848,3.96114808791e-05,6.30668727418e-05,0.0011465606219,3.52446635014e-08,0.000467130809405,0.000116301036076,0.000185167089924,0.00336635200936,1.03479869735e-07,0.00572357506424,0.0014249920935,0.00226878150032,0.0412466230664,1.26789924822e-06,0.000203748544528,5.07270476503e-05,8.07643690095e-05,0.00146830247217,4.51348367993e-08
0.01131534733,0.00117067443004,0.00186704019867,0.0362017736756,8.48089532676e-07,0.0231062259407,0.00287027378803,0.00458437157842,0.0892319919031,2.00960149713e-06,0.0150396209957,0.00322842842115,0.00524357333231,0.112077623517,2.27459587316e-06,0.00681642253178,0.000831483241969,0.00132981774223,0.026129849719,5.88951877792e-07,2.04587194586e-05,3.04751135256e-06,4.88799860256e-06,9.72892069884e-05,2.10841961023e-09,0.000345106703537,8.77999792083e-05,0.000143067689865,0.00311073976185,6.18469752335e-08,6.17813400686e-05,9.05073280502e-06,1.45338169626e-05,0.00029168441937,6.3252588307e-09,0.00940534934653,0.00103449900824,0.00167074255899,0.035125433934,7.92414370179e-07,0.0112749994509,0.00259368174343,0.00424011726642,0.0946222615788,1.89113525596e-06,0.0117226432901,0.00411212576778,0.00678947910929,0.160091538709,3.06517357559e-06,0.0153300676948,0.00299421371464,0.00487686879376,0.106720610971,2.17952020487e-06,0.000402854030716,0.000318133225089,0.000528856834284,0.0128336832001,2.36260130769e-07,0.00118279701036,0.000934053028746,0.00155274673903,0.0376802537981,6.93670051767e-07,0.00144923591813,0.00114445943542,0.00190252116488,0.0461681731779,8.49927371769e-07,0.000515900823669,0.000407406108283,0.000677261875536,0.0164350043162,3.02558214068e-07,0.000159102133072,3.24416197095e-05,5.28945618712e-05,0.00116391441436,2.36260130769e-08,0.000467130804191,9.52500108675e-05,0.000155300741399,0.00341730350117,6.93670051767e-08,0.00572357500036,0.0011670619366,0.00190284055993,0.0418709121994,8.49927371769e-07,0.000203748542254,4.15452175061e-05,6.77375574186e-05,0.00149052599519,3.02558214068e-08
0.0113153472277,0.000958719105149,0.00156558311526,0.0367154657903,5.68485439972e-07,0.0231062256996,0.00235057843335,0.00384350655496,0.0904932150619,1.34706201085e-06,0.0150396208083,0.00264388929109,0.004387672602,0.11351881347,1.52469118635e-06,0.00681642246331,0.000680935864049,0.00111473671489,0.0264956723625,3.94782100791e-07,2.04587192241e-05,2.49571762166e-06,4.09605999622e-06,9.86336346787e-05,1.41330107682e-09,0.000345106698882,7.19029140682e-05,0.00011967043427,0.00315005447739,4.14568315866e-08,6.17813393846e-05,7.41199232985e-06,1.21774361799e-05,0.000295681626668,4.23990323045e-09,0.00940534927385,0.000847211533332,0.00139894103492,0.0355847842544,5.31165654704e-07,0.0112749993193,0.00212408872978,0.00354537316969,0.0957872223035,1.26765254918e-06,0.0117226431375,0.00336763420953,0.00567063352597,0.161955886551,2.05462569879e-06,0.0153300675263,0.00245210224679,0.00407951182632,0.108060798134,1.4609607298e-06,0.000402854022617,0.000260535623034,0.000441366956922,0.0129788485795,1.5836823733e-07,0.00118279698658,0.000764943956177,0.00129587264199,0.0381064656855,4.64976054273e-07,0.001449235889,0.000937256559612,0.00158778316283,0.0466903942949,5.6971736741e-07,0.000515900813297,0.00033364576812,0.000565221045974,0.0166209052458,2.02808704523e-07,0.000159102131297,2.65679694789e-05,4.42411774977e-05,0.00117844923993,1.5836823733e-08,0.000467130798978,7.80047175279e-05,0.000129894027338,0.00345997838318,4.64976054273e-08,0.00572357493648,0.000955761956066,0.0015915418142,0.0423937911996,5.6971736741e-07,0.00020374853998,3.40233342409e-05,5.66559055412e-05,0.00150913950756,2.02808704523e-08
0.0113153471254,0.000785101787225,0.0013092216007,0.0371456321393,3.81071151742e-07,0.0231062254585,0.00192489125245,0.00321365813226,0.0915491949965,9.02972065507e-07,0.0150396206209,0.00216508659044,0.00366249673071,0.114723294878,1.02204170165e-06,0.00681642239484,0.000557620474822,0.00093193569796,0.0268019189861,2.64633109764e-07,2.04587189896e-05,2.04374084617e-06,3.4233725989e-06,9.97587650132e-05,9.47373901305e-10,0.000345106694226,5.88814470635e-05,9.98595303389e-05,0.00318290052017,2.77896344383e-08,6.17813387006e-05,6.06968626766e-06,1.01763649057e-05,0.000299026402469,2.84212170391e-09,0.00940534920118,0.000693795988051,0.00116839337847,0.0359689226398,3.5605469124e-07,0.0112749991877,0.00173943346316,0.00295750051676,0.0967601682654,8.49741757587e-07,0.0117226429848,0.00275779618198,0.0047257308531,0.163511304759,1.37727112496e-06,0.0153300673577,0.00200804567669,0.00340431854787,0.109180529791,9.79321454532e-07,0.000402854014518,0.000213355579519,0.000367575322837,0.0130998724749,1.0615850883e-07,0.0011827969628,0.000626421289991,0.00107921718485,0.0384617971227,3.11686013529e-07,0.00144923585986,0.000767530037179,0.00132232352132,0.0471257683084,3.81896945993e-07,0.000515900802925,0.000273226307336,0.000470722389137,0.0167758902344,1.35948154837e-07,0.000159102129521,2.17567198812e-05,3.69150906663e-05,0.00119059179911,1.0615850883e-08,0.000467130793764,6.38786787984e-05,0.00010838431677,0.0034956294667,3.11686013529e-08,0.0057235748726,0.000782681008715,0.0013279915611,0.0428306102843,3.81896945993e-07,0.000203748537706,2.78619769227e-05,4.72740105062e-05,0.00152468944824,1.35948154837e-08
0.0113153470231,0.000642900394622,0.00109224483181,0.0375049360316,2.55442594278e-07,0.0231062252174,0.00157623643069,0.00268070904431,0.0924310968321,6.05287295874e-07,0.0150396204334,0.00177292709995,0.00305064889127,0.115727639334,6.85102985459e-07,0.00681642232637,0.000456619794441,0.000777293886787,0.0270576487883,1.77390935475e-07,2.04587187551e-05,1.67355545413e-06,2.85459039886e-06,0.000100698045163,6.35051081652e-10,0.000345106689571,4.8216320362e-05,8.31537763697e-05,0.00321028056697,1.86281650618e-08,6.17813380166e-05,4.97028469009e-06,8.48472849315e-06,0.000301818378112,1.90515324496e-09,0.0094053491285,0.000568138051434,0.000973688299133,0.0362894031097,2.38673364854e-07,0.0112749990561,0.00142438048488,0.00246204244829,0.09757095958,5.69605539626e-07,0.0117226428321,0.00225830223919,0.00393068166435,0.164806302091,9.2322315026e-07,0.0153300671891,0.00164434013361,0.00283491366649,0.110113963239,6.5646641535e-07,0.000402854006419,0.000174712349963,0.00030555576024,0.0132005702727,7.11610017607e-08,0.00118279693902,0.000512963082043,0.000897125043203,0.0387574502503,2.08931805864e-07,0.00144923583073,0.000628514036356,0.00109921298775,0.0474880207727,2.55996147137e-07,0.000515900792553,0.000223739216636,0.000391299220972,0.0169048453219,9.11298302171e-08,0.000159102127745,1.78160542133e-05,3.07379242725e-05,0.0012007131327,7.11610017607e-09,0.00046713078855,5.23087124694e-05,9.02478867337e-05,0.0035253461437,2.08931805864e-08,0.00572357480871,0.00064091863843,0.00110577282361,0.0431947173568,2.55996147137e-07,0.000203748535431,2.28155022473e-05,3.93634399583e-05,0.00153765097757,9.11298302171e-09
0.0113153469208,0.000526438368155,0.000909342443829,0.0378043847623,1.71228695312e-07,0.0231062249763,0.00129069344041,0.00223155320166,0.0931659954563,4.05737164761e-07,0.015039620246,0.00145175382241,0.00253626312685,0.116563424428,4.59239347636e-07,0.00681642225791,0.00037390147627,0.000646991545651,0.0272707279981,1.18908980421e-07,2.04587185206e-05,1.37038036605e-06,2.37553331321e-06,0.000101480486933,4.2568847406e-10,0.000345106684916,3.94817275179e-05,6.91156978022e-05,0.00323305938434,1.24868619058e-08,6.17813373326e-05,4.06989204572e-06,7.06019294551e-06,0.000304143935076,1.27706542218e-09,0.00940534905582,0.000465223119119,0.000809863270244,0.036556221829,1.59987918167e-07,0.0112749989244,0.00116635358632,0.00204589702992,0.0982453198152,3.81818911872e-07,0.0117226426794,0.00184921612167,0.00326384818185,0.16588252621,6.18856443844e-07,0.0153300670206,0.00134646717544,0.00235640462378,0.110890561831,4.40043635379e-07,0.000402853998319,0.000143063538734,0.000253587958719,0.0132842103538,4.77007584544e-08,0.00118279691524,0.000420040791463,0.000744545310625,0.0390030211775,1.40051507966e-07,0.00144923580159,0.000514659909297,0.000912262879753,0.0477889094333,1.71599753765e-07,0.000515900782181,0.000183209281383,0.000324748486549,0.0170119560455,6.10862960276e-08,0.000159102125969,1.45886689162e-05,2.55476137679e-05,0.0012091331763,4.77007584544e-09,0.000467130783336,4.28329684293e-05,7.50089086434e-05,0.00355006775907,1.40051507966e-08,0.00572357474483,0.000524815972515,0.000919055456123,0.0434976218505,1.71599753765e-07,0.000203748533157,1.86824649532e-05,3.27166516423e-05,0.00154843380981,6.10862960276e-09
0.0113153468186,0.000431062345331,0.000755694827352,0.0380534649546,1.14777947103e-07,0.0231062247352,0.00105685142207,0.00185430971047,0.0937772149706,2.71973565819e-07,0.0150396200586,0.00118873238673,0.00210514325479,0.117257717325,3.07837126565e-07,0.00681642218944,0.000306160098204,0.000537569879574,0.0274479303126,7.97070177979e-08,2.04587182861e-05,1.12209949689e-06,1.97339062453e-06,0.000102131051067,2.85347319085e-10,0.00034510668026,3.23286260909e-05,5.73547833513e-05,0.00325197752155,8.37018802651e-09,6.17813366486e-05,3.33252659375e-06,5.86454873439e-06,0.000306077366446,8.56041957256e-10,0.00940534898315,0.00038094015801,0.000672459650022,0.0367779612279,1.0724303409e-07,0.0112749987928,0.000955043326376,0.00169739631131,0.0988052568036,2.55940692591e-07,0.0117226425267,0.00151419445139,0.00270609092073,0.166775509319,4.14831591435e-07,0.015330066852,0.00110252522685,0.00195549393366,0.111535559712,2.9496986479e-07,0.00040285399022,0.000117144724615,0.000210156893157,0.0133535759676,3.19747523664e-08,0.00118279689146,0.000343942022396,0.000617029807276,0.0392066816459,9.38792679791e-08,0.00144923577245,0.000421418999409,0.000756023012765,0.0480384468124,1.15026674849e-07,0.000515900771809,0.000150017265087,0.000269130022323,0.0171007866754,4.09473402888e-08,0.000159102124193,1.19456134231e-05,2.11995602839e-05,0.00121612585965,3.19747523664e-09,0.000467130778123,3.50728421872e-05,6.22428339123e-05,0.00357059858248,9.38792679791e-09,0.00572357468095,0.000429734115012,0.000762637627267,0.0437491781738,1.15026674849e-07,0.000203748530883,1.52977290391e-05,2.71484701107e-05,0.00155738874342,4.09473402888e-09
0.0113153467163,0.00035295827953,0.000627006242898,0.0382602955467,7.69383365609e-08,0.023106224494,0.000865358000232,0.00153839848802,0.0942847095193,1.82310228322e-07,0.0150396198711,0.000973343634763,0.00174477201311,0.117833578993,2.06350410053e-07,0.00681642212097,0.000250686493569,0.000445951360924,0.0275950487819,5.34294741839e-08,2.04587180516e-05,9.18782587419e-07,1.63678349267e-06,0.000102671069415,1.91274967245e-10,0.000345106675605,2.64709380315e-05,4.75273299985e-05,0.00326766542707,5.61073237253e-09,6.17813359646e-05,2.72869764457e-06,4.86388133972e-06,0.000307682145691,5.73824901736e-10,0.00940534891047,0.000311919426056,0.00055753359593,0.0369619434422,7.18875085231e-08,0.0112749986612,0.0007819996949,0.0014062894871,0.0992694917686,1.71563019232e-07,0.011722642374,0.00123984125303,0.00224068338684,0.167515406964,2.78071296827e-07,0.0153300666834,0.000902759321468,0.00162047544994,0.112070441514,1.97725184196e-07,0.000402853982121,9.59195192494e-05,0.000173943103137,0.0134110255124,2.14334227186e-08,0.00118279686768,0.000281623893404,0.0005107045398,0.039375356016,6.29294642237e-08,0.00144923574332,0.000345062980503,0.000625746730968,0.0482451170638,7.7105064574e-08,0.000515900761437,0.000122835953506,0.000222754107785,0.0171743574112,2.74479577997e-08,0.000159102122418,9.78119507839e-06,1.75665424537e-05,0.00122192435174,2.14334227186e-09,0.000467130772909,2.87180154954e-05,5.15761350574e-05,0.00358762320823,6.29294642237e-09,0.00572357461707,0.000351870855175,0.000631942647714,0.0439577743987,7.7105064574e-08,0.000203748528609,1.25259429288e-05,2.24959738016e-05,0.00156481437806,2.74479577997e-09
0.011315346614,0.000289000800097,0.000519499732713,0.0384317850041,5.15728896317e-08,0.0231062242529,0.000708549716874,0.00127452363932,0.0947054529975,1.22205206198e-07,0.0150396196837,0.000796967985907,0.00144423651544,0.118310558357,1.38319690791e-07,0.0068164220525,0.000205260714174,0.000369433756834,0.0277170098488,3.58145561541e-08,2.04587178171e-05,7.52292735239e-07,1.35573420972e-06,0.000103118671845,1.28214401506e-10,0.00034510667095,2.16742460655e-05,3.93341185486e-05,0.00328065718492,3.76095577752e-09,6.17813352806e-05,2.23424018076e-06,4.02846886115e-06,0.000309012205499,3.84643204519e-10,0.0094053488378,0.000255399494282,0.000461638094307,0.0371143826485,4.81872458995e-08,0.0112749985296,0.000640298402499,0.00116366525095,0.0996538739906,1.15001195129e-07,0.0117226422214,0.00101517909326,0.00185314589114,0.168127698449,1.86395247701e-07,0.0153300665149,0.000739175846266,0.00134115628593,0.112513409509,1.32538076046e-07,0.000402853974022,7.85386491631e-05,0.000143807538619,0.0134585490214,1.4367135991e-08,0.0011827968439,0.000230592900518,0.000422225207587,0.0395148871118,4.21825380956e-08,0.00144923571418,0.000282536657574,0.000517336390788,0.0484160791765,5.16846498517e-08,0.000515900751065,0.000100577754481,0.000184162058628,0.017235216719,1.83987666162e-08,0.000159102120642,8.00880501961e-06,1.45378353076e-05,0.00122672615735,1.4367135991e-09,0.000467130767695,2.3514200955e-05,4.26837187365e-05,0.00360172151899,4.21825380956e-09,0.00572357455319,0.000288110506804,0.000522987273138,0.0441305156059,5.16846498517e-08,0.000203748526335,1.02561940335e-05,1.8617366683e-05,0.00157096364126,1.83987666162e-09
0.0113153465117,0.000236629318559,0.000429890013604,0.0385737833094,3.45704470623e-08,0.0231062240118,0.000580148119375,0.00105460388316,0.0950538148806,8.19168489839e-08,0.0150396194963,0.000652543632845,0.00119410856245,0.118705156452,9.27187439433e-08,0.00681642198404,0.000168064005101,0.000305669119308,0.0278179830711,2.40072880622e-08,2.04587175825e-05,6.15963662796e-07,1.12158260063e-06,0.000103489195031,8.59449453299e-11,0.000345106666294,1.77464979967e-05,3.25169381102e-05,0.00329140335798,2.52105172968e-09,6.17813345965e-05,1.8293565176e-06,3.33252554804e-06,0.000310113159968,2.5783483599e-10,0.00940534876512,0.000209117855627,0.000381789029246,0.0372405293112,3.23009752865e-08,0.011274998398,0.000524266414026,0.00096184249386,0.0999717667811,7.70878412417e-08,0.0117226420687,0.000831214072219,0.00153104032269,0.168633830641,1.24944851633e-07,0.0153300663463,0.00060522568257,0.0011087392069,0.112879820615,8.88431998752e-08,0.000402853965922,6.43062996291e-05,0.000118773977446,0.0134978196767,9.63060859613e-09,0.00118279682013,0.00018880610134,0.000348725579788,0.0396301874692,2.82758870135e-08,0.00144923568504,0.000231336891477,0.000427280109244,0.0485573522926,3.46453624063e-08,0.000515900740693,8.23515973932e-05,0.000152103710333,0.0172855073004,1.23330996548e-08,0.000159102118866,6.55748510618e-06,1.20179099658e-05,0.00123069787803,9.63060859613e-10,0.000467130762482,1.92530623693e-05,3.52851079909e-05,0.0036133826642,2.82758870135e-09,0.0057235744893,0.0002359004062,0.000432334926684,0.0442733951561,3.46453624063e-08,0.000203748524061,8.39761231e-06,1.53903130599e-05,0.00157604988545,1.23330996548e-09
0.0113153464094,0.00019374612303,0.000355344208339,0.0386912238097,2.31733044849e-08,0.0231062237707,0.000475009808802,0.00087167394126,0.0953419103805,5.49106027041e-08,0.0150396193088,0.000534285420719,0.000986302931171,0.11903125105,6.21513421848e-08,0.00681642191557,0.000137606406328,0.00025263458493,0.0279014831874,1.60925947853e-08,2.0458717348e-05,5.04334295698e-07,9.26874084255e-07,0.000103795561483,5.76107211884e-11,0.000345106661639,1.45303613579e-05,2.68545682544e-05,0.00330028270027,1.68991448819e-09,6.17813339125e-05,1.49782812279e-06,2.75386328327e-06,0.000311023436314,1.72832163565e-10,0.00940534869245,0.000171220933793,0.000315423076853,0.037344802907,2.165202938e-08,0.0112749982664,0.000429256189223,0.000794246701002,0.100234398345,5.16736163103e-08,0.011722641916,0.000680577990014,0.00126375046198,0.169051797929,8.37531862254e-08,0.0153300661777,0.00049554357843,0.00091568631107,0.113182585074,5.95534827307e-08,0.000402853957823,5.26524297573e-05,9.80107616124e-05,0.0135302399455,6.45560136872e-09,0.00118279679635,0.000154589830948,0.00028776387222,0.0397253747929,1.8953927271e-08,0.00144923565591,0.00018941300462,0.000352586061606,0.048673981678,2.32235218302e-08,0.000515900730321,6.74274794562e-05,0.000125514029373,0.0173270251756,8.26713849053e-09,0.00015910211709,5.36910409506e-06,9.92493728867e-06,0.001233979551,6.45560136872e-10,0.000467130757268,1.57639238726e-05,2.91400488961e-05,0.0036230177992,1.8953927271e-09,0.00572357442542,0.000193149327287,0.000357041868947,0.0443914507785,2.32235218302e-08,0.000203748521787,6.87575402952e-06,1.2710021327e-05,0.00158025244433,8.26713849053e-10
0.0113153463072,0.000158633383376,0.000293436736798,0.0387882517592,1.55372459624e-08,0.0231062235296,0.000388922889787,0.000719772217359,0.0955799173586,3.68164816854e-08,0.0150396191214,0.000437455910602,0.000813928496648,0.119300475662,4.16712554331e-08,0.0068164218471,0.000112667792821,0.000208599374302,0.0279704623829,1.07897690429e-08,2.04587171135e-05,4.12932620889e-07,7.6523511174e-07,0.000104048621349,3.86268581488e-11,0.000345106656983,1.18969972675e-05,2.21586101458e-05,0.00330761258399,1.1330545057e-09,6.17813332285e-05,1.22637375882e-06,2.27351721958e-06,0.000311775294378,1.15880574446e-10,0.00940534861977,0.000140190780987,0.000260352431701,0.0374309109124,1.45172608542e-08,0.0112749981348,0.0003514618148,0.000655283217216,0.100451173362,3.46461458229e-08,0.0117226417633,0.000557236895031,0.0010422636992,0.169396653537,5.61548680021e-08,0.0153300660092,0.000405735883441,0.000755577388047,0.113432521484,3.9929441643e-08,0.000402853949724,4.31102236486e-05,8.08129816578e-05,0.0135569820669,4.32835404923e-09,0.00118279677257,0.000126573497495,0.000237270439949,0.0398038908281,1.27082363309e-08,0.00144923562677,0.000155085663259,0.00029071839113,0.0487701843716,1.55709157071e-08,0.000515900719949,5.52075893328e-05,0.000103490298276,0.0173612715314,5.54295414435e-09,0.000159102115315,4.39605780631e-06,8.18923904712e-06,0.00123668851003,4.32835404923e-10,0.000467130752054,1.29070175156e-05,2.40439631319e-05,0.00363097142111,1.27082363309e-09,0.00572357436154,0.000158144746865,0.000294601480049,0.0444889034643,1.55709157071e-08,0.000203748519513,5.62965657596e-06,1.0487260515e-05,0.00158372157729,5.54295414435e-10
0.0113153462049,0.000129883060119,0.000242103175863,0.0388683408689,1.04139943191e-08,0.0231062232884,0.000318435076482,0.000593826326679,0.0957763634436,2.46766146362e-08,0.015039618934,0.000358172045318,0.000671141977694,0.119522559975,2.79305752385e-08,0.00681642177863,9.22480832012e-05,0.000172091272796,0.0280273938203,7.23195048783e-09,2.0458716879e-05,3.38093162374e-07,6.3124750624e-07,0.000104257461384,2.58900375459e-11,0.000345106652328,9.74080252612e-06,1.82694158674e-05,0.00331365835127,7.59441101347e-10,6.17813325445e-05,1.00410744816e-06,1.8753691499e-06,0.000312395747652,7.76701126378e-11,0.0094053485471,0.000114783166966,0.000214719836243,0.0375019559815,9.73033911101e-09,0.0112749980031,0.000287763722054,0.000540214220451,0.100629952007,2.32219253433e-08,0.0117226416106,0.000456244935102,0.000858962517585,0.169680965348,3.76383612501e-08,0.0153300658406,0.000332201284429,0.000622971514436,0.113638675292,2.67631071454e-08,0.000402853941625,3.52970466226e-05,6.65856240342e-05,0.0135790240369,2.90112254056e-09,0.00118279674879,0.000103633668864,0.000195498297239,0.0398686070136,8.51782235261e-09,0.00144923559763,0.00012697836901,0.00023953658304,0.0488494786374,1.04365618018e-08,0.000515900709577,4.52019193982e-05,8.5270533902e-05,0.0173894988038,3.71522038784e-09,0.000159102113539,3.59932684248e-06,6.75177733935e-06,0.0012389228472,2.90112254056e-10,0.00046713074684,1.05677806451e-05,1.98235128427e-05,0.00363753153252,8.51782235261e-10,0.00572357429766,0.000129482972578,0.000242889917572,0.0445692819993,1.04365618018e-08,0.000203748517239,4.60935113244e-06,8.64642581435e-06,0.00158658290248,3.71522038784e-10
0.0113153461026,0.000106342609418,0.00019959446909,0.0389343935675,6.97513472058e-09,0.0231062230473,0.000260720548924,0.000489539923538,0.095938372764,1.65280204944e-08,0.0150396187465,0.000293255396615,0.000553009010763,0.119705619001,1.87074737264e-08,0.00681642171017,7.55286718448e-05,0.000141863608507,0.0280743433525,4.84385024606e-09,2.04587166445e-05,2.76815607905e-07,5.20325558967e-07,0.00010442966967,1.73407526709e-11,0.000345106647673,7.97533695165e-06,1.50522482669e-05,0.00331864123988,5.08662078345e-10,6.17813318605e-05,8.22118632484e-07,1.54578022359e-06,0.000312907351726,5.20222580126e-11,0.00940534847442,9.39796135724e-05,0.000176955332295,0.0375605273246,6.5172328788e-09,0.0112749978715,0.00023560839772,0.000445043444268,0.100777285908,1.55536917706e-08,0.0117226414579,0.00037355366785,0.000707432785432,0.169915198929,2.52096008828e-08,0.015330065672,0.000271991939356,0.000513276381054,0.113808588776,1.79255213859e-08,0.000402853933525,2.88996922936e-05,5.48282603602e-05,0.013597179721,1.94312767428e-09,0.00118279672501,8.48507574431e-05,0.000160978164528,0.0399219128943,5.70510762871e-09,0.0014492355685,0.000103964386357,0.000197240385312,0.0489147922933,6.99025007665e-09,0.000515900699205,3.70093729273e-05,7.02138802729e-05,0.0174127492411,2.48839800827e-09,0.000159102111763,2.94697200992e-06,5.56273146692e-06,0.00124076434548,1.94312767428e-10,0.000467130741627,8.65243839502e-06,1.63324222841e-05,0.00364293825182,5.70510762871e-10,0.00572357423378,0.000106015016876,0.000200114920793,0.044635528462,6.99025007665e-09,0.000203748514965,3.7739358957e-06,7.12371610265e-06,0.00158894115239,2.48839800827e-10
0.0113153460003,8.70682793702e-05,0.000164434864801,0.0389888299079,4.67134306786e-09,0.0231062228062,0.00021346542677,0.000403288835019,0.0960718846748,1.10690412523e-08,0.0150396185591,0.00024010335181,0.000455377817381,0.119856408605,1.25286508734e-08,0.0068164216417,6.18392537355e-05,0.000116864969493,0.0281130330779,3.24399272203e-09,2.045871641e-05,2.2664320442e-07,4.28603507155e-07,0.000104571570087,1.16133391003e-11,0.000345106643017,6.52982018209e-06,1.23937946165e-05,0.00332274538296,3.40657946943e-10,6.17813311765e-05,6.73111038105e-07,1.27325491182e-06,0.000313328902499,3.4840017301e-11,0.00940534840174,7.69461345285e-05,0.000145736816556,0.0376087815446,4.36467994521e-09,0.0112749977399,0.000192904912872,0.000366411688365,0.100898626417,1.04165199875e-08,0.0117226413053,0.000305848030344,0.000582290786827,0.170108055044,1.68832143099e-08,0.0153300655035,0.000222694026667,0.000422629634187,0.113948539525,1.20049667022e-08,0.000402853925426,2.36616921965e-05,4.5121274004e-05,0.0136121253573,1.30133916474e-09,0.00118279670123,6.94717606286e-05,0.000132478029079,0.0399657939346,3.82078856401e-09,0.00144923553936,8.51210900238e-05,0.000162320259878,0.048968558053,4.68146602845e-09,0.000515900688833,3.03015126146e-05,5.77829701301e-05,0.0174318888438,1.6665141609e-09,0.000159102109987,2.41284010121e-06,4.58020631753e-06,0.00124228106849,1.30133916474e-10,0.000467130736413,7.08420380733e-06,1.34476855788e-05,0.00364739141676,3.82078856401e-10,0.0057235741699,8.68000385444e-05,0.000164769345761,0.044690091388,4.68146602845e-09,0.000203748512691,3.08991868192e-06,5.86547988011e-06,0.00159088349029,1.6665141609e-10
0.011315345898,7.12871389057e-05,0.000135384254612,0.0390336633015,3.13069539523e-09,0.0231062225651,0.000174774659085,0.000332028171626,0.0961818399976,7.41837967681e-09,0.0150396183717,0.000196584387702,0.000374767641789,0.119980542064,8.39659794365e-09,0.00681642157323,5.06308527625e-05,9.62121503834e-05,0.0281448954364,2.17409702723e-09,2.04587161755e-05,1.85563893928e-07,3.52835238333e-07,0.000104688421731,7.78316358195e-12,0.000345106638362,5.3462835544e-06,1.01990948653e-05,0.00332612373635,2.28306131737e-10,6.17813304925e-05,5.51109072807e-07,1.04814175748e-06,0.000313676029793,2.33494907459e-11,0.00940534832907,6.29996887179e-05,0.000119955064947,0.0376485112543,2.92517231288e-09,0.0112749976083,0.000157940798337,0.000301504959242,0.100998500828,6.98106533504e-09,0.0117226411526,0.000250412976328,0.000479032140045,0.170266754466,1.13149902563e-08,0.0153300653349,0.00018233062905,0.000347794296014,0.114063742389,8.04562915386e-09,0.000402853917327,1.93729980679e-05,3.71138798551e-05,0.0136244218829,8.72146719156e-10,0.00118279667745,5.68799675549e-05,0.000108967970502,0.0400018970702,2.56066081846e-09,0.00144923551023,6.96928477843e-05,0.000133514284694,0.0490127938435,3.13747971948e-09,0.000515900678461,2.48093475506e-05,4.75285828784e-05,0.0174476359561,1.11688397401e-09,0.000159102108212,1.97551166493e-06,3.76909481619e-06,0.00124352955312,8.72146719156e-11,0.000467130731199,5.80018843813e-06,1.10662268227e-05,0.00365105702211,2.56066081846e-10,0.00572357410601,7.10674895425e-05,0.000135590242867,0.0447350046478,3.13747971948e-09,0.000203748510417,2.52986942514e-06,4.8267585078e-06,0.00159248231815,1.11688397401e-10
0.0113153457958,5.83661281194e-05,0.000111403944597,0.0390705657587,2.09661591059e-09,0.023106222324,0.000143096135066,0.000273208005156,0.0962723413796,4.96806328871e-09,0.0150396181842,0.00016095271309,0.000308268804972,0.120082675537,5.62317268882e-09,0.00681642150476,4.14538381555e-05,7.91656214749e-05,0.0281711197665,1.45598528218e-09,2.0458715941e-05,1.51929735743e-07,2.90303556739e-07,0.000104784590376,5.2123578121e-12,0.000345106633707,4.37724873064e-06,8.38879634924e-06,0.00332890314975,1.52895829155e-10,6.17813298085e-05,4.5121852578e-07,8.62362913057e-07,0.000313961707581,1.56370734363e-11,0.00940534825639,5.15808346595e-05,9.86822658319e-05,0.0376812039463,1.95897781105e-09,0.0112749974767,0.000129313475443,0.000247972569644,0.101080662978,4.67519538202e-09,0.0117226409999,0.000205024770041,0.000393898029417,0.170397280673,7.57760995706e-09,0.0153300651663,0.000149282574963,0.00028606527201,0.114158522293,5.38813010054e-09,0.000402853909228,1.58615717463e-05,3.05135650879e-05,0.0136345339202,5.84073650389e-10,0.00118279665367,4.65702666741e-05,8.95891583791e-05,0.0400315864528,1.71486572018e-09,0.00144923548109,5.70607657864e-05,0.000109770167713,0.0490491711079,2.10115934915e-09,0.000515900668089,2.03125631238e-05,3.90761222718e-05,0.0174605855805,7.47973346037e-10,0.000159102106436,1.61744334272e-06,3.10006174634e-06,0.0012445566851,5.84073650389e-11,0.000467130725985,4.74888422191e-06,9.10191654031e-06,0.0036540727264,1.71486572018e-10,0.00572357404213,5.81862612532e-05,0.000111522300602,0.0447719549185,2.10115934915e-09,0.000203748508143,2.07132184147e-06,3.96998487397e-06,0.00159379767854,7.47973346037e-11
0.0113153456935,4.77869375608e-05,9.16253689178e-05,0.0391009243208,1.40302207342e-09,0.0231062220829,0.000117159091681,0.000224696384011,0.0963467919287,3.3245490607e-09,0.0150396179968,0.000131778991098,0.000253452645252,0.120166667466,3.76293786821e-09,0.0068164214363,3.39400820397e-05,6.51071570701e-05,0.0281926925371,9.74322230006e-10,2.04587157065e-05,1.24391510447e-07,2.38737623987e-07,0.000104863696493,3.48802707639e-12,0.000345106629051,3.58384362989e-06,6.89668606914e-06,0.00333118872037,1.02315460908e-10,6.17813291244e-05,3.69432350435e-07,7.09168277524e-07,0.000314196694249,1.04640812292e-11,0.00940534818372,4.22315325655e-05,8.11435465835e-05,0.0377080926884,1.31091684288e-09,0.0112749973451,0.000105874600133,0.000203853698712,0.101148222402,3.12856650824e-09,0.0117226408472,0.000167862748227,0.000323756109951,0.170504587273,5.07081625195e-09,0.0153300649978,0.000122224187976,0.000235185287595,0.114236462615,3.60565110058e-09,0.000402853901128,1.29865586557e-05,2.50767323151e-05,0.0136428459673,3.90852811838e-10,0.00118279662989,3.81291028057e-05,7.36263801536e-05,0.0400559909859,1.14756090813e-09,0.00144923545195,4.67181306921e-05,9.0211586355e-05,0.0490790730486,1.40606247035e-09,0.000515900657717,1.66307788834e-05,3.21136338968e-05,0.0174712301109,5.00531885463e-10,0.00015910210466,1.32427172844e-06,2.54863076207e-06,0.00124540130879,3.90852811838e-11,0.000467130720772,3.88811957156e-06,7.48289111203e-06,0.00365655257842,1.14756090813e-10,0.00572357397825,4.76396413563e-05,9.16850015348e-05,0.0448023395965,1.40606247035e-09,0.000203748505869,1.69588194079e-06,3.26381420844e-06,0.00159487931612,5.00531885463e-11
0.0113153455912,3.91253500691e-05,7.53245117632e-05,0.0391258873301,9.40669629411e-10,0.0231062218417,9.59234606616e-05,0.000184716393782,0.0964080088867,2.22897586014e-09,0.0150396178094,0.00010789336627,0.000208297825656,0.120235709338,2.52289784819e-09,0.00681642136783,2.77882861747e-05,5.35215436784e-05,0.0282104303359,6.53243700432e-10,2.0458715472e-05,1.01844937974e-07,1.96245448667e-07,0.000104928736624,2.33858126646e-12,0.000345106624396,2.93425299876e-06,5.66767111264e-06,0.00333306736433,6.85983838163e-11,6.17813284404e-05,3.02470941536e-07,5.82934433324e-07,0.000314389893634,7.01574379939e-12,0.00940534811104,3.45768910693e-05,6.66936776339e-05,0.0377301977035,8.78916792646e-10,0.0112749972134,8.66842944073e-05,0.000167517275793,0.101203750294,2.09757747484e-09,0.0117226406945,0.000137436759771,0.00026600296892,0.170592768227,3.39977747671e-09,0.0153300648292,0.000100070450198,0.000193276088317,0.114300526909,2.41744342362e-09,0.000402853893029,1.06326741589e-05,2.06010340419e-05,0.013649675687,2.62051023026e-10,0.00118279660611,3.12179952252e-05,6.04855347528e-05,0.0400760433409,7.69393236667e-10,0.00144923542282,3.82502150209e-05,7.41106113081e-05,0.0491036424318,9.42708092748e-10,0.000515900647345,1.36163596195e-05,2.63819885624e-05,0.0174799763508,3.35586411738e-10,0.000159102102884,1.08424089634e-06,2.09443713474e-06,0.00124609554791,2.62051023026e-11,0.000467130715558,3.18337857618e-06,6.14935880612e-06,0.00365859089475,7.69393236667e-11,0.00572357391437,3.90047196027e-05,7.53457404545e-05,0.0448273143065,9.42708092748e-10,0.000203748503594,1.38849491089e-06,2.68216713884e-06,0.00159576836899,3.35586411738e-11
0.0113153454889,3.20337621047e-05,6.18988747263e-05,0.0391464049667,6.31353052904e-10,0.0231062216006,7.853701193e-05,0.000151789514233,0.096458323189,1.49603077441e-09,0.015039617622,8.83372607609e-05,0.000171124425406,0.120292439861,1.69330358802e-09,0.00681642129936,2.27515671416e-05,4.39801264451e-05,0.0282250087555,4.38440225626e-10,2.04587152375e-05,8.33851738864e-08,1.6125322708e-07,0.000104982189614,1.56959507981e-12,0.000345106619741,2.40240746563e-06,4.65597451216e-06,0.00333461093368,4.60414556743e-11,6.17813277564e-05,2.47646996735e-07,4.7898406686e-07,0.000314548670936,4.70878523942e-12,0.00940534803837,2.83097230422e-05,5.47961934083e-05,0.0377483627174,5.89906150827e-10,0.0112749970818,7.09724219113e-05,0.000137608338375,0.101249371925,1.40783958686e-09,0.0117226405418,0.000112525772562,0.000218477390775,0.170665206063,2.28184244713e-09,0.0153300646606,8.19322976947e-05,0.000158776968707,0.114353165145,1.62252531389e-09,0.00040285388493,8.70545387066e-06,1.69185718674e-05,0.0136552854637,1.75881848665e-10,0.00118279658233,2.55595923758e-05,4.96736651457e-05,0.0400925138901,5.16396781256e-10,0.00144923539368,3.13171905233e-05,6.08632411849e-05,0.0491238231656,6.32721216615e-10,0.000515900636973,1.11483328448e-05,2.16661730955e-05,0.0174871603138,2.25236893952e-10,0.000159102101108,8.87718037633e-07,1.72056034541e-06,0.00124666595795,1.75881848665e-11,0.000467130710344,2.60637888888e-06,5.05164024071e-06,0.00366026564352,5.16396781256e-11,0.00572357385049,3.1934963218e-05,6.18958149047e-05,0.0448478343624,6.32721216615e-10,0.00020374850132,1.13682483451e-06,2.20337499861e-06,0.00159649884451,2.25236893952e-11
0.0112564137586,8.14817454421e-05,5.42636765924e-05,0.0391635241199,4.23215609673e-10,0.0229673379048,0.000194517811567,0.000132738272401,0.0965002778202,1.00283600969e-09,0.0149317539124,0.000173455313349,0.000146792633381,0.120339517868,1.1350741191e-09,0.00677698203542,5.56056533007e-05,3.84129993577e-05,0.0282371612049,2.93900134861e-10,2.03236844366e-05,1.94873791615e-07,1.40282098037e-07,0.000105026703443,1.05214845416e-12,0.000342428326663,4.47802388302e-06,3.97892486711e-06,0.00333589067516,3.08630213219e-11,6.13874376396e-05,5.72064949413e-07,4.16267572709e-07,0.000314680861147,3.15644536247e-12,0.00936347196692,6.24413623492e-05,4.74328667341e-05,0.0377634706707,3.95432460687e-10,0.0111992422977,0.000129133837077,0.000117395100435,0.101287178996,9.43718710686e-10,0.0116348097956,0.000174476207252,0.000184480747719,0.17072508377,1.52959004157e-09,0.0152330170915,0.000158071314348,0.000136019292213,0.114396831909,1.08762923814e-09,0.000398202962534,1.14878484442e-05,1.41600446029e-05,0.0136599125768,1.17899079557e-10,0.00116914127126,3.37288242371e-05,4.15745087447e-05,0.0401060992959,3.46156841417e-10,0.00143250406353,4.13266377346e-05,5.09396547537e-05,0.0491404688435,4.24132732409e-10,0.000509944597038,1.47115084438e-05,1.81335623248e-05,0.0174930858631,1.50983303171e-10,0.000158079821035,1.68528019872e-06,1.47222961165e-06,0.00124713901239,1.17899079557e-11,0.000464129251447,4.9480561908e-06,4.32253037192e-06,0.00366165455201,3.46156841417e-11,0.0056867981231,6.06266391767e-05,5.29623106698e-05,0.0448648521266,4.24132732409e-10,0.000202439354354,2.15819472152e-06,1.88535899201e-06,0.00159710464503,1.50983303171e-11
0.011079885805,0.000228396627873,6.64238749316e-05,0.0391809771323,2.83685834871e-10,0.0225518453248,0.000539802778383,0.000160495425622,0.0965427286108,6.72211431113e-10,0.0146102003305,0.000436495418162,0.000160446124165,0.120384378228,7.60852014332e-10,0.00665896796963,0.000153614409954,4.61677225145e-05,0.0282494118878,1.97004324087e-10,1.992021324e-05,5.29072979705e-07,1.65227581332e-07,0.000105071030315,7.05266076684e-13,0.000334453036192,1.09699525837e-05,4.25751668502e-06,0.00333709545529,2.06878049161e-11,6.02102199701e-05,1.54654198846e-06,4.87783285616e-07,0.000314812087105,2.11579823005e-12,0.00923801160111,0.000166034545167,5.44827146908e-05,0.0377782881361,2.65062500487e-10,0.0109732623686,0.000312684027218,0.000124425863974,0.101322578282,6.32584489336e-10,0.0113733830912,0.00038225759201,0.00018391991245,0.170779290429,1.0253001497e-09,0.0149432233152,0.000394824950219,0.000147621667172,0.114438270033,7.29049216047e-10,0.000384455057411,2.19933515725e-05,1.33371668182e-05,0.0136639778955,7.90289820373e-11,0.00112877682201,6.45734397682e-05,3.91585036675e-05,0.0401180352489,2.32032539229e-10,0.00138304704838,7.91193649034e-05,4.79794161788e-05,0.0491550935099,2.84300591801e-10,0.00049233882662,2.81650109627e-05,1.70797728762e-05,0.0174982919702,1.01205682004e-10,0.000155027994057,4.17478313256e-06,1.58732716208e-06,0.00124758624277,7.90289820373e-12,0.000455168954293,1.22573454194e-05,4.66046180162e-06,0.00366296763992,2.32032539229e-11,0.00557701103064,0.000150184563261,5.71028551714e-05,0.0448809408903,2.84300591801e-10,0.000198531139638,5.34628895954e-06,2.0327546156e-06,0.00159767737486,1.01205682004e-11
0.0108001211123,0.000441970720901,0.000107319122872,0.0392062725776,1.9015852773e-10,0.021895035457,0.00104053325408,0.00025591334634,0.0966033903038,4.50592593466e-10,0.014105388256,0.000817365304212,0.000227592811152,0.120441173981,5.10009598935e-10,0.00647232878861,0.000295863036608,7.31697362726e-05,0.0282668004933,1.32054715534e-10,1.92839488113e-05,1.01299573264e-06,2.56117158223e-07,0.000105132482647,4.72749578284e-13,0.000321960378271,2.03644332955e-05,5.87145701317e-06,0.00333857969899,1.3867320963e-11,5.83528776778e-05,2.95881363978e-06,7.52000103115e-07,0.000314992941626,1.41824873485e-12,0.00903909035474,0.000317234771889,8.2245753565e-05,0.0377982462043,1.77675049838e-10,0.0106180213346,0.00057971452613,0.000169544334488,0.101365670556,4.24030107855e-10,0.0109641870422,0.000685809919581,0.000228838713679,0.170840015687,6.87272831363e-10,0.0144867493603,0.000739230574623,0.000207675519058,0.114490284752,4.88691744618e-10,0.000363230533684,3.73401301359e-05,1.50251040804e-05,0.0136681677294,5.29742166332e-11,0.00106646069434,0.000109632251197,4.41143611127e-05,0.0401303367842,1.55534611255e-10,0.00130669348161,0.000134328202413,5.40516386751e-05,0.0491701661104,1.90570607779e-10,0.000465158387955,4.78183223308e-05,1.92413702726e-05,0.0175036575335,6.78395644837e-11,0.000150223335211,7.79636319646e-06,2.21374453235e-06,0.00124814290679,5.29742166332e-12,0.000441062266298,2.28904624935e-05,6.49965053079e-06,0.00366460202976,1.55534611255e-11,0.00540416718044,0.000280468078104,7.9637730921e-05,0.0449009664436,1.90570607779e-10,0.000192378222534,9.98413789611e-06,2.83495395492e-06,0.00159839024702,6.78395644837e-12
0.0104380815287,0.00069104981466,0.000178173767977,0.039248378485,1.27465470992e-10,0.0210482238398,0.00162184901475,0.00042147551942,0.0967033241358,3.02037451789e-10,0.0134608816973,0.00125508765994,0.000349150249376,0.120526400914,3.41865361047e-10,0.00623153346912,0.000461169459838,0.000120139306972,0.0282953198624,8.85178104456e-11,1.84664793924e-05,1.57257549148e-06,4.1496122854e-07,0.000105231528392,3.16889536201e-13,0.00030606186548,3.11245658578e-05,8.83555028614e-06,0.00334075399052,9.29542639524e-12,5.59648024887e-05,4.59362903857e-06,1.21494763023e-06,0.000315283254357,9.50668608604e-13,0.00878144217428,0.000494008290137,0.000131565581686,0.037829801097,1.19097650689e-10,0.0101635603329,0.000887772018237,0.000253419860039,0.101428198679,2.84232308998e-10,0.0104438909953,0.00103443026809,0.00031935583191,0.170921174494,4.6068696574e-10,0.0139011011465,0.00113766156703,0.000317320116538,0.114567857537,3.27575755561e-10,0.000336778997285,5.46060571253e-05,1.91415265106e-05,0.0136732369339,3.55092330288e-11,0.000988797829411,0.000160325766136,5.62003569637e-05,0.0401452201896,1.0425665741e-10,0.00121153614492,0.000196441026525,6.88601469315e-05,0.0491884021776,1.27741693038e-10,0.000431284159637,6.99293235274e-05,2.45129216544e-05,0.0175101492316,4.54736484449e-11,0.000144063568731,1.19830770381e-05,3.36271703168e-06,0.00124896698868,3.55092330288e-12,0.000422976923167,3.51828369953e-05,9.87308391749e-06,0.00366702157013,1.0425665741e-11,0.00518257439125,0.000431081839308,0.000120971119394,0.044930612146,1.27741693038e-10,0.000184489934573,1.5345705498e-05,4.30634511295e-06,0.00159944557846,4.54736484449e-12
0.0100177230619,0.000947469031777,0.000274730675568,0.0393157608691,8.54483989587e-11,0.020069700432,0.00221627806633,0.000646626958564,0.0968622671525,2.02475356503e-10,0.0127250492421,0.00169551069061,0.000515765634286,0.120655195066,2.29174595548e-10,0.00595302317026,0.000630443060286,0.000184103145739,0.0283405927512,5.93392479002e-11,1.75259943213e-05,2.14133240801e-06,6.31006662333e-07,0.000105387211218,2.1243167506e-13,0.000287983981631,4.18911322556e-05,1.29083394424e-05,0.00334399252188,6.2313291351e-12,5.32145920912e-05,6.25776313291e-06,1.84551415683e-06,0.000315738764447,6.37295025181e-13,0.00848184546629,0.000676501864071,0.000199421010627,0.0378790488413,7.98389045435e-11,0.00964329881476,0.00119912347149,0.000369561985497,0.101520966713,1.90539410769e-10,0.00985273532116,0.00138347983357,0.00044724954712,0.171035387039,3.08828448499e-10,0.0132282579841,0.00154226407647,0.000468559538763,0.114684858875,2.19595343214e-10,0.000307484336551,7.12843513905e-05,2.51517622446e-05,0.0136798430763,2.38041493665e-11,0.000902787427395,0.000209293965758,7.38466713003e-05,0.040164616112,6.98900210948e-11,0.00110615089044,0.000256439887799,9.04815006678e-05,0.0492121672591,8.56335685688e-11,0.000393768984289,9.12877935755e-05,3.22097183331e-05,0.0175186091552,3.04839453712e-11,0.000136993135962,1.62295420122e-05,4.94915363167e-06,0.00125020452104,2.38041493665e-12,0.000402217824078,4.76506434289e-05,1.453093099e-05,0.00367065501915,6.98900210948e-12,0.0049282210934,0.000583845100845,0.00017804193729,0.0449751314065,8.56335685688e-11,0.000175435433906,2.07837912828e-05,6.33795926158e-06,0.00160103038069,3.04839453712e-12
0.00956259990226,0.00118857798979,0.000389461360244,0.0394150444142,5.72766514153e-11,0.0190162736554,0.00277003287347,0.000913109027561,0.0970954571197,1.35720628542e-10,0.0119436082749,0.00209679537407,0.000712251893634,0.120838865166,1.53617312699e-10,0.00565283438008,0.000788451706221,0.000259903878596,0.0284069721822,3.97755073079e-11,1.65186568939e-05,2.6667857724e-06,8.86047246523e-07,0.000105614054766,1.4239441757e-13,0.000268875943832,5.1623722383e-05,1.77045391287e-05,0.00334857177192,4.17690291538e-12,5.02651477698e-05,7.79850275596e-06,2.59087456126e-06,0.000316402108951,4.2718325271e-13,0.00815674517907,0.000848794193244,0.000280495116912,0.0379507827194,5.35165686033e-11,0.00908893762562,0.0014844973851,0.000507398259709,0.101652117777,1.27719881759e-10,0.00922818885615,0.00169900096191,0.000599670967502,0.171191991057,2.07009839943e-10,0.0125083758427,0.0019155912461,0.000648130836539,0.114851842622,1.47196273762e-10,0.000277455372959,8.55766407109e-05,3.22900391589e-05,0.0136884414815,1.59560855688e-11,0.000814621080149,0.000251256750763,9.48049637575e-05,0.0401898614048,4.68477633805e-11,0.000998124038765,0.000307855282597,0.000116160894465,0.0492430993505,5.74007718826e-11,0.000355313449852,0.000109590710439,4.13511012134e-05,0.0175296204,2.04335989213e-11,0.000129436238408,2.0141178119e-05,6.83258651694e-06,0.00125196635039,1.59560855688e-12,0.000380030443161,5.91353776999e-05,2.00607721137e-05,0.00367582782697,4.68477633805e-12,0.00465636760482,0.000724563155337,0.000245796964635,0.0450385118415,5.74007718826e-11,0.000165757959251,2.57930902734e-05,8.74991124107e-06,0.00160328660538,2.04335989213e-12
0.00909354313128,0.00139832415314,0.000513452870219,0.0395503635307,3.8393633414e-11,0.0179375826524,0.00324563131601,0.00119953313573,0.0974121256167,9.09761295435e-11,0.0111550077494,0.00243131740949,0.000921386865125,0.121083808735,1.02972618756e-10,0.00534500203953,0.000924554643181,0.000341491967096,0.0284971135104,2.66622822511e-11,1.54929323262e-05,3.11300112975e-06,1.15898382593e-06,0.000105920627444,9.54496977963e-14,0.00024969317337,5.96472219886e-05,2.27913464601e-05,0.00335464423682,2.79985780203e-12,4.72573072509e-05,9.11097596897e-06,3.3897181854e-06,0.000317298632774,2.86349093389e-13,0.00782066453313,0.000999607909318,0.000368505430275,0.0380480393536,3.58731780885e-11,0.00852729651122,0.00172438183254,0.000654901841227,0.101826370904,8.56130761623e-11,0.0086012106197,0.00195912467075,0.000762307951038,0.171396208669,1.38762649552e-10,0.0117757956178,0.00223229288497,0.000840805879863,0.115075046213,9.86684737165e-11,0.000248313561993,9.64538280724e-05,3.97473967756e-05,0.0136992487528,1.06956689142e-11,0.000729059451722,0.000283192647419,0.000116700091078,0.0402215920247,3.1402950575e-11,0.000893288649391,0.000346985114771,0.000142988156174,0.0492819776649,3.84768337339e-11,0.000317994016177,0.000123520197279,5.09011035554e-05,0.0175434603512,1.36970316338e-11,0.000121754634904,2.34519269815e-05,8.85212571948e-06,0.00125431766635,1.06956689142e-12,0.000357476920131,6.88558808055e-05,2.59902273231e-05,0.00368273139323,3.1402950575e-12,0.00438002791704,0.000843664760427,0.000318448310464,0.0451230985973,3.84768337339e-11,0.000155920784312,3.00328841811e-05,1.13361629814e-05,0.00160629773535,1.36970316338e-12
0.00862736082197,0.00156722367441,0.000637937197796,0.0397231620039,2.57362272249e-11,0.0168730159641,0.003621705011,0.00148507215052,0.0978150796252,6.09836093586e-11,0.0103882976084,0.00268499468758,0.0011269017984,0.121391326699,6.90251606476e-11,0.00504069398893,0.00103264664381,0.000422967868534,0.0286118536677,1.78724047019e-11,1.44866459724e-05,3.46022731035e-06,1.42947984309e-06,0.000106309191632,6.39823557346e-14,0.000231146113898,6.56312808507e-05,2.77636791085e-05,0.0033622349057,1.87681576821e-12,4.43013387104e-05,1.01371031524e-05,4.18285056258e-06,0.000318435341848,1.91947067204e-13,0.00748534098089,0.001122242925,0.000457273920568,0.0381719594117,2.40467020303e-11,0.00797883616907,0.0019085766701,0.000800659766367,0.102044878512,5.73886185186e-11,0.00799469363527,0.00215326639254,0.000921834728057,0.171649057201,9.30161269368e-11,0.0110570912706,0.00247866962173,0.00103200787697,0.115356171859,6.6139982953e-11,0.000221134986116,0.000103567603194,4.68109585611e-05,0.0137122499953,7.16957841759e-12,0.000649261967168,0.000304079001543,0.000137439016658,0.0402597642399,2.10501950367e-11,0.000795515844946,0.000372576365282,0.000168398768131,0.0493287486195,2.57919985117e-11,0.00028318873036,0.000132630202801,5.9946805138e-05,0.0175601099344,9.18146804791e-12,0.000114227246974,2.60192028751e-05,1.08541090362e-05,0.00125727579543,7.16957841759e-13,0.000335376180753,7.63935148371e-05,3.1868137686e-05,0.00369141658925,2.10501950367e-12,0.00410923601409,0.000936020506009,0.000390468097011,0.0452295149808,2.57919985117e-11,0.000146281100116,3.33205756205e-05,1.3899932395e-05,0.00161008595914,9.18146804791e-13
0.00817656926274,0.00169140086252,0.000755304656503,0.0399324089248,1.72516747433e-11,0.0158512226104,0.00389048806846,0.0017518795211,0.098301282571,4.08789285287e-11,0.0096632836642,0.00285466431121,0.00131534224497,0.121758230595,4.62693933415e-11,0.0047480713101,0.00111045308233,0.00049926511032,0.0287503726721,1.19803462295e-11,1.35266978319e-05,3.70218789924e-06,1.68032255388e-06,0.000106776336494,4.28890676476e-14,0.000213708026009,6.95200455992e-05,3.22903365443e-05,0.00337125757203,1.25807931766e-12,4.14760742982e-05,1.08578033311e-05,4.92004622871e-06,0.000319802710478,1.28667202943e-13,0.00715957365812,0.00121387587401,0.000541428994695,0.0383219387192,1.61191412575e-11,0.00745772851771,0.00203442306042,0.00093516599641,0.102305633562,3.84691109539e-11,0.00742382713947,0.00227972966321,0.00106739265742,0.171947902527,6.23511734556e-11,0.0103710291359,0.00265057423183,0.00120947018881,0.115692867093,4.43353823177e-11,0.000196515833489,0.000107066363493,5.29401224539e-05,0.0137272412261,4.80595830251e-12,0.000576979060943,0.00031435151443,0.000155434509257,0.0403037791476,1.4110503256e-11,0.000706950365789,0.000385162882254,0.000190447956632,0.0493826784017,1.72890597139e-11,0.000251661079773,0.000137110766932,6.7795902974e-05,0.0175793079261,6.15458120742e-12,0.000107050089382,2.78013237101e-05,1.27095673403e-05,0.00126081537412,4.80595830251e-13,0.000314303732929,8.16258993609e-05,3.73158442189e-05,0.00370180894671,1.4110503256e-12,0.00385104337409,0.00100013091145,0.000457216760642,0.0453568485602,1.72890597139e-11,0.000137089926065,3.56027858915e-05,1.62760597125e-05,0.00161461879591,6.15458120742e-13
0.00774974367678,0.00177124465998,0.000859658189844,0.0401750371856,1.15642399935e-11,0.014891147795,0.00405439044544,0.0019863739308,0.0988629606132,2.74021941184e-11,0.00899187052566,0.00294486882263,0.00147694639535,0.122177835087,3.10155609189e-11,0.00447257447193,0.00115857000114,0.000566514129355,0.0289105035764,8.03073330939e-12,1.26302891448e-05,3.84250495434e-06,1.89863427778e-06,0.000107314116416,2.8749641919e-14,0.00019765246678,7.14480005312e-05,3.6134951846e-05,0.00338154056144,8.43322829625e-13,3.88323870408e-05,1.12827103494e-05,5.56357887885e-06,0.00032137795811,8.62489257571e-14,0.00684948240027,0.00127461655773,0.000616785656393,0.038495932637,1.08050737546e-11,0.00697273340964,0.0021046300561,0.00105144176086,0.102604145922,2.57868315991e-11,0.00689738150473,0.00234291686768,0.00119124288308,0.172287310752,4.1795590541e-11,0.00972955526518,0.00275077019712,0.00136405984167,0.116079555361,2.97191437326e-11,0.00017468586678,0.000107401629714,5.77905618844e-05,0.0137438854887,3.22155709726e-12,0.000512885326261,0.000315335870682,0.000169675611046,0.0403526474289,9.45863219136e-12,0.000628418765172,0.000386368976304,0.00020789703373,0.0494425548369,1.1589300098e-11,0.00022370530188,0.000137540113808,7.40074473711e-05,0.0176006228147,4.12557361538e-12,0.000100347039899,2.88293004473e-05,1.43228196232e-05,0.00126487719474,3.22155709726e-13,0.000294623287201,8.46440839111e-05,4.20524233063e-05,0.00371373462927,9.45863219136e-13,0.00360990640312,0.00103711157187,0.00051525225179,0.0455029693853,1.1589300098e-11,0.000128505901864,3.69192280889e-05,1.83420144208e-05,0.00161982042341,4.12557361538e-13
0.00735219625018,0.00181001979076,0.000946974561426,0.0404464931137,7.75178107347e-12,0.0140038407674,0.00412251261995,0.00217956046413,0.099488958942,1.83683328829e-11,0.00837988190588,0.00296481167134,0.0016057257327,0.122641101531,2.07904573279e-11,0.00421742514631,0.00117948832066,0.000622135199658,0.0290891135149,5.38318873603e-12,1.18068711637e-05,3.89113755653e-06,2.07611898906e-06,0.000107911417093,1.92715587209e-14,0.000183101805593,7.16615713731e-05,3.91567131102e-05,0.0033928558908,5.65299055813e-13,3.63987469098e-05,1.14399294098e-05,6.08896486699e-06,0.000323128993221,5.78146761627e-14,0.00655897526147,0.00130655199555,0.000680453629943,0.0386908363679,7.2428941526e-12,0.00652840598278,0.00212520855589,0.00114510880212,0.102934227817,1.72855175305e-11,0.00641930613418,0.00235077893188,0.00128876367491,0.172660003281,2.80165638116e-11,0.00913923376324,0.00278637610092,0.0014899138079,0.116508417002,1.99214385066e-11,0.000155627286587,0.000105165881741,6.1199672804e-05,0.013761770707,2.15948521889e-12,0.000456928503307,0.00030877161709,0.000179684909442,0.0404051592102,6.34034281917e-12,0.000559857011145,0.000378326047552,0.000220161044058,0.0495068955132,7.76857944882e-12,0.000199298602506,0.000134676981922,7.83732051823e-05,0.0176235268895,2.76546867645e-12,9.4185282351e-05,2.91796734584e-05,1.56327927232e-05,0.00126937860628,2.15948521889e-13,0.000276532098207,8.56727943583e-05,4.58985614809e-05,0.00372695096995,6.34034281917e-13,0.00338824198681,0.00104971596735,0.000562377511154,0.0456649041506,7.76857944882e-12,0.000120615064111,3.73679209435e-05,2.00195853268e-05,0.00162558499753,2.76546867645e-13
0.00698672942921,0.00181266278562,0.0010150046976,0.0407412868061,5.19617088008e-12,0.0131944003413,0.00410767027303,0.00232672337083,0.100166078814,1.23126537678e-11,0.00782882884328,0.00292591199009,0.00169906598189,0.123137714033,1.39362512856e-11,0.00398416705029,0.00117676036258,0.000664754663374,0.029282480107,3.60845698389e-12,1.10601723137e-05,3.86139723413e-06,2.20869396846e-06,0.000108555281292,1.29181037609e-14,0.000170073284296,7.0457156509e-05,4.12991950161e-05,0.00340494634524,3.78931043654e-13,3.41870136457e-05,1.136744234e-05,6.48392865231e-06,0.000325018249788,3.87543112828e-14,0.00629025666771,0.00131292752837,0.000730768095547,0.0389028649657,4.85505399682e-12,0.00612627966454,0.00210380190862,0.00121413153432,0.103288738056,1.15868214011e-11,0.00599021708434,0.0023128261276,0.00135807144337,0.173057737376,1.87800521787e-11,0.0086026922272,0.00276676741293,0.00158415020074,0.11697033084,1.33537309267e-11,0.000139174013951,0.000100977286238,6.31530976549e-05,0.013780459151,1.44754529366e-12,0.000408620977004,0.000296473717948,0.000185420250031,0.0404600292971,4.25005613735e-12,0.00050066764761,0.000363257902302,0.000227188337424,0.0495741257311,5.20743116052e-12,0.000178228298481,0.000129313004637,8.08747899071e-05,0.017647459587,1.8537478897e-12,8.85907191551e-05,2.89523051556e-05,1.66098667936e-05,0.00127422346378,1.44754529366e-13,0.000260106216577,8.50052311014e-05,4.87672935805e-05,0.00374117568295,4.25005613735e-13,0.00318698194442,0.0010415365702,0.000597526987876,0.045839194116,5.20743116052e-12,0.000113450583826,3.70767497357e-05,2.1270840817e-05,0.00163178939363,1.8537478897e-13
